{"test/accuracy":0.5982357658380112,"_timestamp":1.7446517212912512e+09,"_runtime":2.537876397,"_wandb":{"runtime":2},"_step":0,"test/precision":0.6217162872154116,"time/inference":"0:00:00.453887","test/recall":0.5546875,"time/training":"0:00:01.507508"}