{"test/accuracy":0.6102646351242983,"_timestamp":1.7446524559896047e+09,"time/training":"0:00:01.524786","_wandb":{"runtime":2},"_runtime":2.578896652,"test/precision":0.6368821292775665,"time/inference":"0:00:00.479815","test/recall":0.5317460317460317,"_step":0}