{"_runtime":2.4963690769999998,"test/recall":0.4975767366720517,"_step":0,"_timestamp":1.7446521151756978e+09,"test/precision":0.5757009345794393,"_wandb":{"runtime":2},"time/inference":"0:00:00.445360","test/accuracy":0.5685645549318364,"time/training":"0:00:01.505225"}