{"test/recall":0.5634920634920635,"test/accuracy":0.6110665597433841,"time/training":"0:00:26.470577","time/inference":"0:00:00.011030","_timestamp":1.744652493649929e+09,"_step":0,"_wandb":{"runtime":27},"test/precision":0.6283185840707964,"_runtime":27.124756673}