{"test/accuracy":0.6134723336006416,"time/training":"0:00:00.038492","test/precision":0.627147766323024,"test/recall":0.5793650793650794,"_timestamp":1.7446524632919729e+09,"time/inference":"0:00:00.000934","_wandb":{"runtime":0},"_step":0,"_runtime":0.650164264}