{"time/training":"0:00:00.025053","_timestamp":1.7446521300922573e+09,"time/inference":"0:00:00.000785","test/recall":0.5573505654281099,"_step":0,"test/precision":0.5867346938775511,"_wandb":{"runtime":0},"test/accuracy":0.5854049719326383,"_runtime":0.651263016}