{"_timestamp":1.7446521223473687e+09,"_wandb":{"runtime":2},"test/recall":0.4975767366720517,"test/accuracy":0.5685645549318364,"time/training":"0:00:01.587889","test/precision":0.5757009345794393,"_runtime":2.610159792,"time/inference":"0:00:00.466768","_step":0}