{"_wandb":{"runtime":2},"_step":0,"test/recall":0.4975767366720517,"test/accuracy":0.5685645549318364,"time/inference":"0:00:00.449449","_timestamp":1.7446521118356519e+09,"test/precision":0.5757009345794393,"time/training":"0:00:01.539997","_runtime":2.545871461}