{"time/training":"0:00:01.536225","_runtime":2.608468197,"test/precision":0.6217162872154116,"test/accuracy":0.5982357658380112,"_wandb":{"runtime":2},"time/inference":"0:00:00.457636","_step":0,"_timestamp":1.7446517139687169e+09,"test/recall":0.5546875}