{"test/accuracy":0.5685645549318364,"test/recall":0.4975767366720517,"time/training":"0:00:01.520666","time/inference":"0:00:00.445838","_timestamp":1.744652108441243e+09,"_runtime":2.7979971949999998,"test/precision":0.5757009345794393,"_wandb":{"runtime":2},"_step":0}