{"_step":0,"test/accuracy":0.5854049719326383,"time/inference":"0:00:00.000707","test/precision":0.5867346938775511,"time/training":"0:00:00.025088","_timestamp":1.744652124025102e+09,"_runtime":0.616297418,"test/recall":0.5573505654281099,"_wandb":{"runtime":0}}